{"cameraMode":{"drawMode":0,"name":"Shaded","section":"Shading Mode"},"sceneLighting":true,"audioPlay":false,"sceneViewState":{"m_AlwaysRefresh":false,"showFog":true,"showSkybox":true,"showFlares":true,"showImageEffects":true,"showParticleSystems":true,"showVisualEffectGraphs":true,"m_FxEnabled":true},"in2DMode":false,"pivot":{"x":989.3353271484375,"y":389.8830871582031,"z":32.04803466796875},"rotation":{"x":-0.016496604308485986,"y":-0.02190200611948967,"z":0.00036634376738220453,"w":-0.9996337294578552},"size":480.86920166015627,"orthographic":false}