{"cameraMode":{"drawMode":0,"name":"Shaded","section":"Shading Mode"},"sceneLighting":false,"audioPlay":false,"sceneViewState":{"m_AlwaysRefresh":false,"showFog":true,"showSkybox":false,"showFlares":true,"showImageEffects":true,"showParticleSystems":true,"showVisualEffectGraphs":true,"m_FxEnabled":true},"in2DMode":false,"pivot":{"x":-0.4801071882247925,"y":-0.17761462926864625,"z":-0.8713910579681397},"rotation":{"x":-0.012692690826952458,"y":0.9871811866760254,"z":-0.12084965407848358,"w":-0.10373915731906891},"size":1.7051218748092652,"orthographic":false}