{"cameraMode":{"drawMode":0,"name":"Shaded","section":"Shading Mode"},"sceneLighting":false,"audioPlay":false,"sceneViewState":{"m_AlwaysRefresh":false,"showFog":true,"showSkybox":false,"showFlares":true,"showImageEffects":true,"showParticleSystems":true,"showVisualEffectGraphs":true,"m_FxEnabled":true},"in2DMode":false,"pivot":{"x":-0.4441152811050415,"y":-0.39976072311401369,"z":-1.1735799312591553},"rotation":{"x":-0.05155021324753761,"y":0.9484455585479736,"z":-0.21947072446346284,"w":-0.22277700901031495},"size":2.2032570838928224,"orthographic":false}