{"cameraMode":{"drawMode":0,"name":"Shaded","section":"Shading Mode"},"sceneLighting":false,"audioPlay":false,"sceneViewState":{"m_AlwaysRefresh":false,"showFog":true,"showSkybox":false,"showFlares":true,"showImageEffects":true,"showParticleSystems":true,"showVisualEffectGraphs":true,"m_FxEnabled":true},"in2DMode":false,"pivot":{"x":1.6833810806274415,"y":0.18880128860473634,"z":0.03127070143818855},"rotation":{"x":-0.046980373561382297,"y":0.6936388611793518,"z":-0.045427363365888599,"w":-0.7173545360565186},"size":0.370752215385437,"orthographic":false}